symbol,timestamp,open,high,low,close,volume
SPY,2026-04-01T09:30:00-04:00,653.9000,655.4200,653.4900,654.9900,9247983
SPY,2026-04-01T09:35:00-04:00,654.9800,656.0500,654.5800,655.8350,1885738
SPY,2026-04-01T09:40:00-04:00,655.8391,655.8600,653.3600,653.9700,2491018
SPY,2026-04-01T09:45:00-04:00,653.9500,654.4900,653.0000,653.2300,1946245
SPY,2026-04-01T09:50:00-04:00,653.2300,654.8590,653.0200,653.9300,1541117
SPY,2026-04-01T09:55:00-04:00,653.9500,654.5800,653.6500,654.2900,873557
SPY,2026-04-01T10:00:00-04:00,654.3000,655.1800,653.8900,654.6500,1234742
SPY,2026-04-01T10:05:00-04:00,654.6700,655.2800,653.9600,654.8000,1138587
SPY,2026-04-01T10:10:00-04:00,654.7900,654.9200,654.0000,654.5900,1009984
SPY,2026-04-01T10:15:00-04:00,654.5600,655.0200,654.2399,654.7300,766692
SPY,2026-04-01T10:20:00-04:00,654.7200,655.4700,654.2400,654.6200,1323801
SPY,2026-04-01T10:25:00-04:00,654.6000,655.0900,654.3500,655.0300,1237590
SPY,2026-04-01T10:30:00-04:00,655.0300,655.5950,654.4200,654.5300,1218855
SPY,2026-04-01T10:35:00-04:00,654.5300,656.2900,653.5800,655.4900,1645496
SPY,2026-04-01T10:40:00-04:00,655.4900,656.0400,654.5000,655.6500,1319600
SPY,2026-04-01T10:45:00-04:00,655.6400,656.3600,655.0200,656.1800,885427
SPY,2026-04-01T10:50:00-04:00,656.1900,656.8500,655.7400,656.5220,1015825
SPY,2026-04-01T10:55:00-04:00,656.5200,656.7700,656.1710,656.5000,1425345
SPY,2026-04-01T11:00:00-04:00,656.5000,656.9300,656.3100,656.5800,1028840
SPY,2026-04-01T11:05:00-04:00,656.5850,657.0700,656.3700,656.9700,789690
SPY,2026-04-01T11:10:00-04:00,656.9700,657.0100,656.5200,656.6100,775601
SPY,2026-04-01T11:15:00-04:00,656.6200,656.9400,656.4700,656.9400,589429
SPY,2026-04-01T11:20:00-04:00,656.9050,657.0300,656.4900,656.6750,601888
SPY,2026-04-01T11:25:00-04:00,656.6700,656.9400,656.3300,656.3300,744043
SPY,2026-04-01T11:30:00-04:00,656.3300,656.6600,655.9300,656.5050,834219
SPY,2026-04-01T11:35:00-04:00,656.5100,657.3400,656.4700,657.0997,812488
SPY,2026-04-01T11:40:00-04:00,657.0900,657.2800,656.6700,657.2100,484886
SPY,2026-04-01T11:45:00-04:00,657.2200,657.4800,657.0200,657.2100,569006
SPY,2026-04-01T11:50:00-04:00,657.2100,657.6100,657.0500,657.5000,512289
SPY,2026-04-01T11:55:00-04:00,657.4950,658.0950,657.4700,657.8200,1194926
SPY,2026-04-01T12:00:00-04:00,657.8150,658.0000,657.6000,657.9000,610841
SPY,2026-04-01T12:05:00-04:00,657.9100,658.0896,657.6700,657.9750,501351
SPY,2026-04-01T12:10:00-04:00,657.9900,658.0150,657.4400,657.5600,894945
SPY,2026-04-01T12:15:00-04:00,657.5700,657.9200,657.4000,657.8250,607750
SPY,2026-04-01T12:20:00-04:00,657.8300,657.8300,657.4100,657.4200,594176
SPY,2026-04-01T12:25:00-04:00,657.4300,657.5800,657.1200,657.1750,687313
SPY,2026-04-01T12:30:00-04:00,657.1850,657.4400,656.8400,657.4300,913747
SPY,2026-04-01T12:35:00-04:00,657.4300,657.7400,657.4300,657.5900,474282
SPY,2026-04-01T12:40:00-04:00,657.5800,657.9200,657.5350,657.8700,473305
SPY,2026-04-01T12:45:00-04:00,657.8700,657.9300,657.5850,657.7500,432545
SPY,2026-04-01T12:50:00-04:00,657.7400,657.9300,657.6900,657.8500,376494
SPY,2026-04-01T12:55:00-04:00,657.8400,657.9700,657.6700,657.8100,397503
SPY,2026-04-01T13:00:00-04:00,657.8200,658.3800,657.7001,658.3100,1482147
SPY,2026-04-01T13:05:00-04:00,658.3000,658.4950,658.2199,658.3200,489305
SPY,2026-04-01T13:10:00-04:00,658.3200,658.4850,658.2105,658.3550,345535
SPY,2026-04-01T13:15:00-04:00,658.3600,658.4300,658.1400,658.3250,465458
SPY,2026-04-01T13:20:00-04:00,658.3300,658.5200,658.2250,658.4450,440023
SPY,2026-04-01T13:25:00-04:00,658.4500,658.4600,658.2400,658.3000,440384
SPY,2026-04-01T13:30:00-04:00,658.3100,658.4400,657.9000,657.9350,542455
SPY,2026-04-01T13:35:00-04:00,657.9400,658.2300,657.7999,658.0800,550298
SPY,2026-04-01T13:40:00-04:00,658.0800,658.2500,657.7300,657.9000,423899
SPY,2026-04-01T13:45:00-04:00,657.9000,658.0270,657.5250,657.6250,546837
SPY,2026-04-01T13:50:00-04:00,657.6300,657.7950,657.4300,657.5500,541905
SPY,2026-04-01T13:55:00-04:00,657.5500,657.6450,656.7700,656.7900,1032720
SPY,2026-04-01T14:00:00-04:00,656.7900,656.9400,655.6550,655.9600,1750532
SPY,2026-04-01T14:05:00-04:00,655.9500,656.4000,655.8500,656.1098,934794
SPY,2026-04-01T14:10:00-04:00,656.1000,656.3900,655.8800,655.9050,1005832
SPY,2026-04-01T14:15:00-04:00,655.9000,655.9000,654.5400,654.9750,1366746
SPY,2026-04-01T14:20:00-04:00,654.9800,655.2300,653.9100,654.1300,1328568
SPY,2026-04-01T14:25:00-04:00,654.1300,654.8000,653.8300,654.2300,1289684
SPY,2026-04-01T14:30:00-04:00,654.2250,654.5400,653.9000,654.0050,1114150
SPY,2026-04-01T14:35:00-04:00,654.0100,654.7700,653.6670,654.4600,1436769
SPY,2026-04-01T14:40:00-04:00,654.4500,655.5000,654.4300,654.8600,1276264
SPY,2026-04-01T14:45:00-04:00,654.8600,654.9800,654.2900,654.6450,1596761
SPY,2026-04-01T14:50:00-04:00,654.6500,654.7900,654.1600,654.5700,725423
SPY,2026-04-01T14:55:00-04:00,654.5600,654.6000,654.1300,654.4100,676012
SPY,2026-04-01T15:00:00-04:00,654.3900,655.0900,654.2550,654.8100,920526
SPY,2026-04-01T15:05:00-04:00,654.8000,655.3643,654.7950,655.1700,888493
SPY,2026-04-01T15:10:00-04:00,655.1700,655.2800,654.8200,655.1900,729791
SPY,2026-04-01T15:15:00-04:00,655.1900,655.6300,654.9700,655.5650,840451
SPY,2026-04-01T15:20:00-04:00,655.5700,655.7900,655.2800,655.6950,835720
SPY,2026-04-01T15:25:00-04:00,655.6950,656.3401,655.6700,656.1000,1217784
SPY,2026-04-01T15:30:00-04:00,656.1000,656.3500,655.6600,656.0200,1337082
SPY,2026-04-01T15:35:00-04:00,656.0500,656.3800,655.7400,656.2100,1966527
SPY,2026-04-01T15:40:00-04:00,656.2200,656.7500,656.1150,656.1550,1064024
SPY,2026-04-01T15:45:00-04:00,656.1500,656.3400,655.8699,655.9800,2093720
SPY,2026-04-01T15:50:00-04:00,656.0000,656.1200,655.0300,655.2600,2705269
SPY,2026-04-01T15:55:00-04:00,655.2500,655.5100,654.7200,655.1800,4245666
SPY,2026-04-02T09:30:00-04:00,646.4200,647.4700,646.2900,647.0946,4335174
SPY,2026-04-02T09:35:00-04:00,647.1200,647.1350,645.3200,645.3500,1337215
SPY,2026-04-02T09:40:00-04:00,645.3500,646.4600,645.1100,645.6900,1063395
SPY,2026-04-02T09:45:00-04:00,645.7100,647.4000,645.4300,647.0400,1090083
SPY,2026-04-02T09:50:00-04:00,647.0500,648.9300,646.8900,648.6300,1175061
SPY,2026-04-02T09:55:00-04:00,648.6300,649.8900,648.3400,649.6300,1184002
SPY,2026-04-02T10:00:00-04:00,649.6450,650.0982,648.7800,649.0400,1473231
SPY,2026-04-02T10:05:00-04:00,649.0200,650.5200,648.5500,649.8400,1279942
SPY,2026-04-02T10:10:00-04:00,649.8300,650.4600,649.4201,649.6400,878001
SPY,2026-04-02T10:15:00-04:00,649.6200,650.7700,649.5208,650.3000,980066
SPY,2026-04-02T10:20:00-04:00,650.2900,651.1000,650.2300,650.7100,948739
SPY,2026-04-02T10:25:00-04:00,650.7200,650.7800,650.0100,650.3400,751131
SPY,2026-04-02T10:30:00-04:00,650.3500,652.3800,650.1000,652.2000,974111
SPY,2026-04-02T10:35:00-04:00,652.2100,658.2000,652.1700,656.4500,4539504
SPY,2026-04-02T10:40:00-04:00,656.4100,656.6100,654.3300,656.0500,1865682
SPY,2026-04-02T10:45:00-04:00,656.0400,656.2900,654.0700,654.1200,1272764
SPY,2026-04-02T10:50:00-04:00,654.1300,654.9700,653.3700,654.7050,1064986
SPY,2026-04-02T10:55:00-04:00,654.6900,656.0000,654.6000,655.3900,735858
SPY,2026-04-02T11:00:00-04:00,655.3900,655.4800,653.8200,655.0100,1022709
SPY,2026-04-02T11:05:00-04:00,654.9900,655.1500,654.0800,654.8430,625550
SPY,2026-04-02T11:10:00-04:00,654.8500,655.9300,654.6000,655.2500,632741
SPY,2026-04-02T11:15:00-04:00,655.2612,655.7800,654.6900,655.1900,706186
SPY,2026-04-02T11:20:00-04:00,655.1800,655.2300,653.9200,654.7000,669959
SPY,2026-04-02T11:25:00-04:00,654.6800,655.7100,654.0000,655.2900,798655
SPY,2026-04-02T11:30:00-04:00,655.3200,655.4200,654.3200,654.9657,476572
SPY,2026-04-02T11:35:00-04:00,654.9800,655.8894,654.8300,655.2100,442483
SPY,2026-04-02T11:40:00-04:00,655.1900,655.4099,654.2600,655.2200,459943
SPY,2026-04-02T11:45:00-04:00,655.2200,655.2398,654.0900,654.1600,447248
SPY,2026-04-02T11:50:00-04:00,654.1800,654.6294,653.0301,654.4700,922434
SPY,2026-04-02T11:55:00-04:00,654.4500,654.7550,653.7630,654.0000,713738
SPY,2026-04-02T12:00:00-04:00,653.9850,654.6700,653.5900,653.7700,421113
SPY,2026-04-02T12:05:00-04:00,653.7700,654.1100,652.8000,653.5800,432507
SPY,2026-04-02T12:10:00-04:00,653.5800,653.7400,653.0300,653.3882,346307
SPY,2026-04-02T12:15:00-04:00,653.3800,653.6500,652.4600,652.5000,521906
SPY,2026-04-02T12:20:00-04:00,652.4900,653.0900,652.1700,652.5500,568159
SPY,2026-04-02T12:25:00-04:00,652.5400,653.2500,652.3300,652.7200,455083
SPY,2026-04-02T12:30:00-04:00,652.7100,654.0000,652.5200,653.5700,442600
SPY,2026-04-02T12:35:00-04:00,653.5600,653.8440,652.5650,653.2800,566358
SPY,2026-04-02T12:40:00-04:00,653.2200,654.9500,653.2100,654.2300,708811
SPY,2026-04-02T12:45:00-04:00,654.2700,654.5600,653.9500,654.2700,278319
SPY,2026-04-02T12:50:00-04:00,654.2700,654.5800,653.8900,654.3499,781347
SPY,2026-04-02T12:55:00-04:00,654.3150,654.3150,653.5400,653.5600,201078
SPY,2026-04-02T13:00:00-04:00,653.5700,653.9400,653.0300,653.8100,300878
SPY,2026-04-02T13:05:00-04:00,653.7900,654.0000,653.5000,653.7700,175779
SPY,2026-04-02T13:10:00-04:00,653.7900,654.6100,653.4100,654.3600,256705
SPY,2026-04-02T13:15:00-04:00,654.3400,655.0300,654.2600,654.6100,278976
SPY,2026-04-02T13:20:00-04:00,654.5700,655.0000,654.4144,654.8400,267716
SPY,2026-04-02T13:25:00-04:00,654.8800,655.0400,654.5723,654.6300,194336
SPY,2026-04-02T13:30:00-04:00,654.6500,654.7500,654.1700,654.3000,613069
SPY,2026-04-02T13:35:00-04:00,654.3000,654.3550,653.9500,654.2900,209726
SPY,2026-04-02T13:40:00-04:00,654.2800,654.4200,653.8000,654.2300,248873
SPY,2026-04-02T13:45:00-04:00,654.2500,654.3000,652.6900,652.7700,449528
SPY,2026-04-02T13:50:00-04:00,652.7600,653.2600,652.5500,653.2300,385707
SPY,2026-04-02T13:55:00-04:00,653.2400,653.4750,652.8600,653.2102,263347
SPY,2026-04-02T14:00:00-04:00,653.2400,653.9200,653.2400,653.9000,468835
SPY,2026-04-02T14:05:00-04:00,653.9050,654.4180,653.7200,654.0097,443465
SPY,2026-04-02T14:10:00-04:00,653.9900,654.3400,653.8100,653.9000,424549
SPY,2026-04-02T14:15:00-04:00,653.9100,654.2400,653.5900,653.9900,344297
SPY,2026-04-02T14:20:00-04:00,653.9800,654.0900,653.6600,653.6700,214384
SPY,2026-04-02T14:25:00-04:00,653.6600,653.7400,653.3600,653.5100,366261
SPY,2026-04-02T14:30:00-04:00,653.5000,653.8400,653.3900,653.7200,415381
SPY,2026-04-02T14:35:00-04:00,653.6900,653.8100,653.4200,653.5700,378138
SPY,2026-04-02T14:40:00-04:00,653.5400,654.5400,653.5200,654.3400,487413
SPY,2026-04-02T14:45:00-04:00,654.3100,654.6500,654.2200,654.4999,492404
SPY,2026-04-02T14:50:00-04:00,654.4945,655.0150,654.3200,654.6901,637874
SPY,2026-04-02T14:55:00-04:00,654.7200,654.7300,654.3500,654.4600,399408
SPY,2026-04-02T15:00:00-04:00,654.4600,654.8500,654.3900,654.5300,433586
SPY,2026-04-02T15:05:00-04:00,654.5300,654.9100,654.5000,654.8300,427402
SPY,2026-04-02T15:10:00-04:00,654.8500,655.2700,654.6400,654.7300,539132
SPY,2026-04-02T15:15:00-04:00,654.7400,654.8600,654.2800,654.5401,623866
SPY,2026-04-02T15:20:00-04:00,654.5450,654.8500,654.1400,654.4500,2124081
SPY,2026-04-02T15:25:00-04:00,654.4500,654.4900,654.1300,654.3799,463039
SPY,2026-04-02T15:30:00-04:00,654.3700,654.6200,654.0900,654.3100,445079
SPY,2026-04-02T15:35:00-04:00,654.2901,654.7800,654.2800,654.7600,492285
SPY,2026-04-02T15:40:00-04:00,654.7500,655.0100,654.3590,654.3890,564221
SPY,2026-04-02T15:45:00-04:00,654.3900,654.6600,654.1800,654.5900,778658
SPY,2026-04-02T15:50:00-04:00,654.6100,655.6100,654.6000,655.4700,1852755
SPY,2026-04-02T15:55:00-04:00,655.4612,656.1000,655.3500,655.8800,3831162
SPY,2026-04-06T09:30:00-04:00,655.8600,657.4200,655.8000,657.3700,2579032
SPY,2026-04-06T09:35:00-04:00,657.3600,657.9100,655.5200,656.5952,956946
SPY,2026-04-06T09:40:00-04:00,656.5600,657.2900,655.8900,656.7550,593564
SPY,2026-04-06T09:45:00-04:00,656.7600,657.8400,656.6900,657.0800,553723
SPY,2026-04-06T09:50:00-04:00,657.1000,657.9500,656.8600,657.5750,512242
SPY,2026-04-06T09:55:00-04:00,657.6100,658.5500,657.2800,658.5300,406501
SPY,2026-04-06T10:00:00-04:00,657.9300,659.7200,656.3400,656.4400,996129
SPY,2026-04-06T10:05:00-04:00,656.4100,657.2200,656.0300,657.1651,826907
SPY,2026-04-06T10:10:00-04:00,657.1600,658.1150,656.4200,658.0600,554697
SPY,2026-04-06T10:15:00-04:00,658.0800,658.5400,657.5800,658.2850,598174
SPY,2026-04-06T10:20:00-04:00,658.2800,658.9800,658.2600,658.6301,385918
SPY,2026-04-06T10:25:00-04:00,658.6700,658.7900,658.1600,658.3700,346483
SPY,2026-04-06T10:30:00-04:00,658.4300,659.0600,658.2400,658.4500,418981
SPY,2026-04-06T10:35:00-04:00,658.4700,658.8800,656.7715,657.1000,994120
SPY,2026-04-06T10:40:00-04:00,657.0800,658.3400,657.0100,657.6800,581137
SPY,2026-04-06T10:45:00-04:00,657.6600,657.6700,656.6200,656.7757,375107
SPY,2026-04-06T10:50:00-04:00,656.8100,657.5900,656.7600,657.3200,428466
SPY,2026-04-06T10:55:00-04:00,657.3400,657.9050,656.9900,657.4900,328373
SPY,2026-04-06T11:00:00-04:00,657.5100,658.0400,657.0900,657.5400,300141
SPY,2026-04-06T11:05:00-04:00,657.5400,657.8300,657.0900,657.7400,471884
SPY,2026-04-06T11:10:00-04:00,657.7300,657.7400,657.0400,657.4901,307709
SPY,2026-04-06T11:15:00-04:00,657.5200,657.7100,657.1400,657.3455,221942
SPY,2026-04-06T11:20:00-04:00,657.3600,657.5700,656.9150,657.0300,199325
SPY,2026-04-06T11:25:00-04:00,657.0200,657.2000,656.6600,656.9250,240086
SPY,2026-04-06T11:30:00-04:00,656.9300,657.0650,656.3800,656.8900,292973
SPY,2026-04-06T11:35:00-04:00,656.9000,657.1300,656.3400,656.9750,298831
SPY,2026-04-06T11:40:00-04:00,656.9700,657.1812,656.7100,657.1000,178011
SPY,2026-04-06T11:45:00-04:00,657.0900,657.6000,656.9250,657.4699,227334
SPY,2026-04-06T11:50:00-04:00,657.4700,657.9700,657.2600,657.8800,323719
SPY,2026-04-06T11:55:00-04:00,657.9100,657.9100,657.4699,657.8500,282269
SPY,2026-04-06T12:00:00-04:00,657.8680,658.0400,657.4000,657.4650,411248
SPY,2026-04-06T12:05:00-04:00,657.4700,657.7500,657.2800,657.2900,136662
SPY,2026-04-06T12:10:00-04:00,657.3000,657.6900,657.2000,657.6192,117458
SPY,2026-04-06T12:15:00-04:00,657.6500,657.8200,657.4100,657.5800,129397
SPY,2026-04-06T12:20:00-04:00,657.5800,657.9000,657.4101,657.7400,191075
SPY,2026-04-06T12:25:00-04:00,657.7200,658.0000,657.6301,657.7932,113808
SPY,2026-04-06T12:30:00-04:00,657.7800,658.0700,657.5800,657.9900,151968
SPY,2026-04-06T12:35:00-04:00,658.0000,658.5100,657.9000,658.1400,343486
SPY,2026-04-06T12:40:00-04:00,658.1300,658.3300,657.9400,658.2650,208066
SPY,2026-04-06T12:45:00-04:00,658.2800,658.4600,658.1400,658.3500,223493
SPY,2026-04-06T12:50:00-04:00,658.3700,658.4626,656.8800,658.0100,436809
SPY,2026-04-06T12:55:00-04:00,658.0300,658.1100,657.6300,657.9300,240692
SPY,2026-04-06T13:00:00-04:00,657.9300,657.9900,656.8150,657.3300,394219
SPY,2026-04-06T13:05:00-04:00,657.3400,657.4800,656.9200,657.2600,275659
SPY,2026-04-06T13:10:00-04:00,657.2800,657.3100,655.5200,656.0400,743659
SPY,2026-04-06T13:15:00-04:00,656.0500,656.7600,655.8300,656.4800,468682
SPY,2026-04-06T13:20:00-04:00,656.4600,657.2800,656.0310,657.2550,296819
SPY,2026-04-06T13:25:00-04:00,657.2600,657.5700,656.9800,657.3901,287597
SPY,2026-04-06T13:30:00-04:00,657.4100,658.0000,657.1600,657.4200,355812
SPY,2026-04-06T13:35:00-04:00,657.4200,657.7100,657.0600,657.2100,230526
SPY,2026-04-06T13:40:00-04:00,657.1900,657.2400,656.8099,657.1300,271766
SPY,2026-04-06T13:45:00-04:00,657.1200,657.1200,656.6015,656.8300,1205387
SPY,2026-04-06T13:50:00-04:00,656.8300,656.9800,656.4501,656.6050,251076
SPY,2026-04-06T13:55:00-04:00,656.6150,656.8800,656.4300,656.4700,304577
SPY,2026-04-06T14:00:00-04:00,656.5000,656.6300,656.2200,656.3300,285150
SPY,2026-04-06T14:05:00-04:00,656.3100,656.8700,656.3001,656.7450,198560
SPY,2026-04-06T14:10:00-04:00,656.7300,657.8700,656.7200,657.3400,534919
SPY,2026-04-06T14:15:00-04:00,657.3700,658.1300,657.2800,657.9650,335652
SPY,2026-04-06T14:20:00-04:00,657.9600,658.6500,657.8000,658.3601,461839
SPY,2026-04-06T14:25:00-04:00,658.3900,658.6200,657.8700,658.2400,475398
SPY,2026-04-06T14:30:00-04:00,658.2300,658.5224,657.7300,657.9600,350382
SPY,2026-04-06T14:35:00-04:00,657.9300,658.2300,657.8800,657.8901,91657
SPY,2026-04-06T14:40:00-04:00,657.9300,657.9900,657.7400,657.9000,672512
SPY,2026-04-06T14:45:00-04:00,657.8999,658.2800,657.8600,658.1299,201787
SPY,2026-04-06T14:50:00-04:00,658.1300,658.3900,658.1050,658.2800,224285
SPY,2026-04-06T14:55:00-04:00,658.2700,658.4100,658.2300,658.2900,209735
SPY,2026-04-06T15:00:00-04:00,658.3200,658.3701,658.1207,658.3701,282855
SPY,2026-04-06T15:05:00-04:00,658.3800,658.4200,657.9100,657.9800,263571
SPY,2026-04-06T15:10:00-04:00,657.9800,658.2199,657.8600,658.1300,325815
SPY,2026-04-06T15:15:00-04:00,658.1349,658.1900,657.8700,658.0500,358348
SPY,2026-04-06T15:20:00-04:00,658.0600,658.2900,657.8900,657.9701,284745
SPY,2026-04-06T15:25:00-04:00,657.9750,658.1600,657.8600,657.8801,263543
SPY,2026-04-06T15:30:00-04:00,657.8800,658.1895,657.8100,658.1000,299320
SPY,2026-04-06T15:35:00-04:00,658.1100,658.2700,658.0200,658.1100,383487
SPY,2026-04-06T15:40:00-04:00,658.1100,658.2900,657.8300,658.2700,398508
SPY,2026-04-06T15:45:00-04:00,658.2400,658.7800,658.2100,658.7300,1203274
SPY,2026-04-06T15:50:00-04:00,658.7400,658.9000,658.2800,658.3000,1443612
SPY,2026-04-06T15:55:00-04:00,658.3100,658.9200,658.0700,658.8700,1534663
SPY,2026-04-07T09:30:00-04:00,656.6500,657.5800,655.6600,655.7400,4179834
SPY,2026-04-07T09:35:00-04:00,655.7200,656.3488,655.1400,655.2400,861898
SPY,2026-04-07T09:40:00-04:00,655.1900,655.6600,654.8600,654.9800,565117
SPY,2026-04-07T09:45:00-04:00,655.0100,655.2050,654.1600,654.5800,725807
SPY,2026-04-07T09:50:00-04:00,654.6000,655.7600,654.2800,655.7200,554853
SPY,2026-04-07T09:55:00-04:00,655.7200,655.9686,654.0100,654.0500,556793
SPY,2026-04-07T10:00:00-04:00,654.0312,654.2200,653.3200,653.5050,935954
SPY,2026-04-07T10:05:00-04:00,653.5000,653.5100,651.9200,652.3700,1134955
SPY,2026-04-07T10:10:00-04:00,652.3700,652.8800,652.2900,652.7551,751600
SPY,2026-04-07T10:15:00-04:00,652.7400,653.4600,652.6400,653.2700,984083
SPY,2026-04-07T10:20:00-04:00,653.2600,654.7800,653.2392,654.5000,943211
SPY,2026-04-07T10:25:00-04:00,654.4900,654.5500,653.7300,654.4000,708911
SPY,2026-04-07T10:30:00-04:00,654.4500,655.3400,653.8600,654.6400,819412
SPY,2026-04-07T10:35:00-04:00,654.6500,654.9100,654.0400,654.3700,707314
SPY,2026-04-07T10:40:00-04:00,654.3900,654.5700,653.7599,654.0900,577544
SPY,2026-04-07T10:45:00-04:00,654.0500,655.1400,653.8100,654.0100,667535
SPY,2026-04-07T10:50:00-04:00,654.0291,654.1300,653.3800,653.8151,565657
SPY,2026-04-07T10:55:00-04:00,653.7800,653.7900,652.5500,652.6000,792212
SPY,2026-04-07T11:00:00-04:00,652.5800,652.6900,651.7400,651.8669,1040356
SPY,2026-04-07T11:05:00-04:00,651.8600,651.8600,651.0600,651.4300,870489
SPY,2026-04-07T11:10:00-04:00,651.4200,652.4900,651.4200,652.0700,989798
SPY,2026-04-07T11:15:00-04:00,652.0600,653.8600,651.8200,653.0150,1570385
SPY,2026-04-07T11:20:00-04:00,653.0250,653.0800,652.3900,652.4250,360635
SPY,2026-04-07T11:25:00-04:00,652.4200,653.3100,652.4100,653.2550,301737
SPY,2026-04-07T11:30:00-04:00,653.2600,653.5180,652.7500,653.2600,344250
SPY,2026-04-07T11:35:00-04:00,653.2300,653.7300,652.8000,653.0201,450180
SPY,2026-04-07T11:40:00-04:00,653.0200,653.1700,652.5700,652.6800,954824
SPY,2026-04-07T11:45:00-04:00,652.7300,653.2299,652.6100,652.9909,153660
SPY,2026-04-07T11:50:00-04:00,653.0000,653.4200,652.6400,653.3100,316673
SPY,2026-04-07T11:55:00-04:00,653.3000,654.4000,653.1700,653.8100,752848
SPY,2026-04-07T12:00:00-04:00,653.8200,657.0000,653.8100,655.4300,1668123
SPY,2026-04-07T12:05:00-04:00,655.4100,655.7000,654.6800,654.7800,593795
SPY,2026-04-07T12:10:00-04:00,654.7700,655.4600,654.7000,655.1800,254521
SPY,2026-04-07T12:15:00-04:00,655.1700,655.5400,654.9200,655.1800,265046
SPY,2026-04-07T12:20:00-04:00,655.1700,656.5400,654.8500,655.8100,804016
SPY,2026-04-07T12:25:00-04:00,655.8000,656.4200,655.5900,655.9200,498141
SPY,2026-04-07T12:30:00-04:00,655.8900,656.2800,655.6164,656.2350,307678
SPY,2026-04-07T12:35:00-04:00,656.2400,656.3100,655.3400,655.6000,289202
SPY,2026-04-07T12:40:00-04:00,655.5999,656.0800,655.4500,656.0800,210872
SPY,2026-04-07T12:45:00-04:00,656.0500,656.8700,656.0500,656.4800,307972
SPY,2026-04-07T12:50:00-04:00,656.4700,656.8300,656.3010,656.5400,238439
SPY,2026-04-07T12:55:00-04:00,656.5300,656.5300,656.0100,656.0400,256307
SPY,2026-04-07T13:00:00-04:00,656.0500,656.8800,655.7600,656.6400,494565
SPY,2026-04-07T13:05:00-04:00,656.6400,656.8500,656.3400,656.4650,154311
SPY,2026-04-07T13:10:00-04:00,656.4560,656.6500,656.1401,656.2500,152304
SPY,2026-04-07T13:15:00-04:00,656.2400,656.4628,655.8900,656.0600,231331
SPY,2026-04-07T13:20:00-04:00,656.0700,656.1400,655.4900,655.8300,261134
SPY,2026-04-07T13:25:00-04:00,655.8300,656.0600,655.4800,655.8200,257331
SPY,2026-04-07T13:30:00-04:00,655.8300,656.8500,655.5700,656.7300,413596
SPY,2026-04-07T13:35:00-04:00,656.7600,658.3600,656.7520,657.4400,880790
SPY,2026-04-07T13:40:00-04:00,657.4200,657.4600,656.6800,656.7500,362395
SPY,2026-04-07T13:45:00-04:00,656.7570,656.9100,656.3600,656.8600,225062
SPY,2026-04-07T13:50:00-04:00,656.8750,657.2900,656.7600,656.9800,335494
SPY,2026-04-07T13:55:00-04:00,657.0000,657.0500,656.4800,656.7250,502201
SPY,2026-04-07T14:00:00-04:00,656.7300,657.0200,656.5700,656.6399,255290
SPY,2026-04-07T14:05:00-04:00,656.6350,656.6400,656.1301,656.3400,232766
SPY,2026-04-07T14:10:00-04:00,656.3500,656.5600,656.0900,656.4500,217169
SPY,2026-04-07T14:15:00-04:00,656.4400,656.9100,656.3500,656.8400,235237
SPY,2026-04-07T14:20:00-04:00,656.8300,656.9300,656.1200,656.2150,308901
SPY,2026-04-07T14:25:00-04:00,656.2250,656.4000,656.0300,656.1500,727603
SPY,2026-04-07T14:30:00-04:00,656.1300,656.3400,655.9200,656.1950,302839
SPY,2026-04-07T14:35:00-04:00,656.1800,656.3200,655.7900,655.9800,316547
SPY,2026-04-07T14:40:00-04:00,655.9600,656.0400,655.1520,655.4900,429299
SPY,2026-04-07T14:45:00-04:00,655.4700,655.5100,654.9300,655.0300,595949
SPY,2026-04-07T14:50:00-04:00,655.0200,655.0200,654.1100,654.2100,650625
SPY,2026-04-07T14:55:00-04:00,654.2100,654.2400,653.4301,653.9600,850511
SPY,2026-04-07T15:00:00-04:00,653.9600,654.4400,653.5800,654.0800,722545
SPY,2026-04-07T15:05:00-04:00,654.0800,654.4800,653.4122,653.8000,873921
SPY,2026-04-07T15:10:00-04:00,653.8000,654.5700,653.7500,654.4500,1049797
SPY,2026-04-07T15:15:00-04:00,654.4500,657.5700,654.3300,657.1800,1454420
SPY,2026-04-07T15:20:00-04:00,657.1400,658.1700,656.0500,656.6700,1821051
SPY,2026-04-07T15:25:00-04:00,656.6600,656.8900,655.9300,656.6600,710103
SPY,2026-04-07T15:30:00-04:00,656.6500,656.8100,656.2800,656.4500,666492
SPY,2026-04-07T15:35:00-04:00,656.4400,656.4850,655.9200,656.0415,1511641
SPY,2026-04-07T15:40:00-04:00,656.0500,657.2400,655.8900,656.7900,883987
SPY,2026-04-07T15:45:00-04:00,656.7800,659.2000,656.4400,657.7200,3211401
SPY,2026-04-07T15:50:00-04:00,657.7500,658.8200,657.7000,658.4175,2074707
SPY,2026-04-07T15:55:00-04:00,658.4200,659.6000,658.3600,659.2600,3419789
SPY,2026-04-08T09:30:00-04:00,676.3900,677.0800,675.3800,676.0190,7795786
SPY,2026-04-08T09:35:00-04:00,676.0300,676.2900,675.2100,675.4300,2367856
SPY,2026-04-08T09:40:00-04:00,675.4200,675.6400,674.7500,675.0800,1893993
SPY,2026-04-08T09:45:00-04:00,675.0800,676.4050,674.9900,676.1000,2482286
SPY,2026-04-08T09:50:00-04:00,676.1050,676.1050,674.0200,674.1000,1952333
SPY,2026-04-08T09:55:00-04:00,674.0900,674.9900,673.9700,674.6300,1364561
SPY,2026-04-08T10:00:00-04:00,674.6350,675.2000,674.6000,675.0550,1124620
SPY,2026-04-08T10:05:00-04:00,675.0600,675.2300,674.0600,674.8500,1341856
SPY,2026-04-08T10:10:00-04:00,674.8400,675.1500,674.4600,674.9100,686522
SPY,2026-04-08T10:15:00-04:00,674.9050,675.2700,674.2400,674.6000,1141942
SPY,2026-04-08T10:20:00-04:00,674.6100,675.1800,674.5600,674.7200,911165
SPY,2026-04-08T10:25:00-04:00,674.7300,674.7500,674.0400,674.1300,1472864
SPY,2026-04-08T10:30:00-04:00,674.1300,674.3500,673.4600,673.7300,1853776
SPY,2026-04-08T10:35:00-04:00,673.7400,673.9100,673.1800,673.3200,1394895
SPY,2026-04-08T10:40:00-04:00,673.3209,673.9800,673.2414,673.4000,870158
SPY,2026-04-08T10:45:00-04:00,673.4000,673.6300,672.7500,673.4700,877829
SPY,2026-04-08T10:50:00-04:00,673.5050,673.5200,672.6700,673.0700,632640
SPY,2026-04-08T10:55:00-04:00,673.0799,673.0800,671.4600,672.8800,1573527
SPY,2026-04-08T11:00:00-04:00,672.8700,673.9800,672.8500,673.6500,932224
SPY,2026-04-08T11:05:00-04:00,673.6450,673.7600,672.6400,672.7300,676377
SPY,2026-04-08T11:10:00-04:00,672.7300,673.3499,672.4600,673.1200,1015690
SPY,2026-04-08T11:15:00-04:00,673.1200,673.4600,672.7501,673.4100,402644
SPY,2026-04-08T11:20:00-04:00,673.4200,673.5900,673.0700,673.5200,437693
SPY,2026-04-08T11:25:00-04:00,673.5100,673.5500,672.9600,673.0300,508499
SPY,2026-04-08T11:30:00-04:00,673.0900,673.8300,673.0050,673.7700,440009
SPY,2026-04-08T11:35:00-04:00,673.7900,674.3200,673.6300,674.2300,642997
SPY,2026-04-08T11:40:00-04:00,674.2200,674.2600,673.7700,674.2400,401667
SPY,2026-04-08T11:45:00-04:00,674.2400,674.8700,674.2400,674.7850,1084167
SPY,2026-04-08T11:50:00-04:00,674.7900,675.0800,674.7600,674.8600,509190
SPY,2026-04-08T11:55:00-04:00,674.8800,675.1200,674.8000,674.8900,579297
SPY,2026-04-08T12:00:00-04:00,674.8900,675.6750,674.8701,675.3800,713085
SPY,2026-04-08T12:05:00-04:00,675.3900,675.4500,675.1300,675.1900,528698
SPY,2026-04-08T12:10:00-04:00,675.2050,675.3500,674.8400,674.9000,526928
SPY,2026-04-08T12:15:00-04:00,674.9000,675.1000,674.4800,674.8100,642138
SPY,2026-04-08T12:20:00-04:00,674.8200,675.0500,674.5900,674.8900,371471
SPY,2026-04-08T12:25:00-04:00,674.9000,675.1200,674.7700,675.0200,475700
SPY,2026-04-08T12:30:00-04:00,675.0300,675.4500,674.8900,675.3500,384666
SPY,2026-04-08T12:35:00-04:00,675.3600,675.5100,675.2000,675.5050,336867
SPY,2026-04-08T12:40:00-04:00,675.5100,675.9000,675.4800,675.8700,418711
SPY,2026-04-08T12:45:00-04:00,675.8700,676.1300,675.8100,675.9700,397743
SPY,2026-04-08T12:50:00-04:00,675.9700,676.1100,675.8425,675.9800,443202
SPY,2026-04-08T12:55:00-04:00,675.9800,676.2300,675.9800,676.0530,423213
SPY,2026-04-08T13:00:00-04:00,676.0700,676.4350,676.0300,676.0800,355590
SPY,2026-04-08T13:05:00-04:00,676.0900,676.1097,675.7100,675.8100,413376
SPY,2026-04-08T13:10:00-04:00,675.8100,676.0700,675.7407,675.8700,354872
SPY,2026-04-08T13:15:00-04:00,675.8650,676.0800,675.5500,675.7200,440114
SPY,2026-04-08T13:20:00-04:00,675.7300,675.9200,675.1500,675.2500,680121
SPY,2026-04-08T13:25:00-04:00,675.2600,675.4300,674.7700,675.0100,683419
SPY,2026-04-08T13:30:00-04:00,675.0101,675.4200,674.9600,675.1800,520290
SPY,2026-04-08T13:35:00-04:00,675.1800,675.5500,674.7400,675.2600,1070473
SPY,2026-04-08T13:40:00-04:00,675.2600,675.6900,675.1700,675.5750,661993
SPY,2026-04-08T13:45:00-04:00,675.5700,675.7700,675.3500,675.4101,466654
SPY,2026-04-08T13:50:00-04:00,675.4300,675.7500,675.4300,675.6300,285358
SPY,2026-04-08T13:55:00-04:00,675.6300,675.8900,675.5700,675.8100,712585
SPY,2026-04-08T14:00:00-04:00,675.8000,676.2450,675.3600,676.2200,1180546
SPY,2026-04-08T14:05:00-04:00,676.2200,676.4700,676.1201,676.4450,809520
SPY,2026-04-08T14:10:00-04:00,676.4450,676.4700,676.1300,676.3450,531970
SPY,2026-04-08T14:15:00-04:00,676.3450,676.6050,674.3400,674.8114,1833819
SPY,2026-04-08T14:20:00-04:00,674.7700,675.9400,674.5900,675.0000,1321929
SPY,2026-04-08T14:25:00-04:00,675.0000,675.4100,674.6700,674.8800,797920
SPY,2026-04-08T14:30:00-04:00,674.9000,675.3200,674.7200,674.8450,885946
SPY,2026-04-08T14:35:00-04:00,674.8400,675.0500,674.5100,674.5500,648880
SPY,2026-04-08T14:40:00-04:00,674.5550,674.5900,673.9100,674.0200,928642
SPY,2026-04-08T14:45:00-04:00,674.0100,674.3600,673.7600,673.8294,730646
SPY,2026-04-08T14:50:00-04:00,673.8250,674.2000,673.6700,673.9000,1568753
SPY,2026-04-08T14:55:00-04:00,673.9000,673.9100,672.8300,672.9400,1148392
SPY,2026-04-08T15:00:00-04:00,672.9250,673.6450,672.7800,673.2945,1210930
SPY,2026-04-08T15:05:00-04:00,673.3000,673.8800,673.0900,673.6500,1023327
SPY,2026-04-08T15:10:00-04:00,673.6700,674.4450,673.6600,674.3400,807447
SPY,2026-04-08T15:15:00-04:00,674.3400,674.4900,673.6100,673.8000,860973
SPY,2026-04-08T15:20:00-04:00,673.8100,673.9360,673.3900,673.8100,1202910
SPY,2026-04-08T15:25:00-04:00,673.8100,674.1800,673.4900,673.5400,1146285
SPY,2026-04-08T15:30:00-04:00,673.5400,674.5500,673.4900,674.5400,1015716
SPY,2026-04-08T15:35:00-04:00,674.5400,675.0400,674.3500,674.7900,1618219
SPY,2026-04-08T15:40:00-04:00,674.7900,674.8100,674.1475,674.7000,1294693
SPY,2026-04-08T15:45:00-04:00,674.7000,675.1000,674.6600,674.9600,2016604
SPY,2026-04-08T15:50:00-04:00,674.9700,675.4300,674.9200,675.3100,2560097
SPY,2026-04-08T15:55:00-04:00,675.3100,676.0500,675.0400,675.8800,6305960
SPY,2026-04-09T09:30:00-04:00,674.8400,675.2500,674.4300,674.6600,2470934
SPY,2026-04-09T09:35:00-04:00,674.6600,675.3000,674.5100,675.1500,765275
SPY,2026-04-09T09:40:00-04:00,675.1200,675.7899,674.8500,675.5377,962509
SPY,2026-04-09T09:45:00-04:00,675.5350,675.7200,674.9500,675.4550,664580
SPY,2026-04-09T09:50:00-04:00,675.4400,675.4400,674.6800,674.8300,485590
SPY,2026-04-09T09:55:00-04:00,674.8300,675.3250,674.6500,675.2700,495109
SPY,2026-04-09T10:00:00-04:00,675.2600,675.4900,674.8800,675.3650,496283
SPY,2026-04-09T10:05:00-04:00,675.3500,675.6900,674.9600,674.9850,381628
SPY,2026-04-09T10:10:00-04:00,674.9700,675.5000,674.7200,674.7600,639246
SPY,2026-04-09T10:15:00-04:00,674.7600,674.7600,674.1600,674.4000,1638619
SPY,2026-04-09T10:20:00-04:00,674.4200,674.7900,674.2700,674.5799,586879
SPY,2026-04-09T10:25:00-04:00,674.5700,674.5900,673.9300,674.2950,576659
SPY,2026-04-09T10:30:00-04:00,674.2900,674.4000,673.7700,674.1300,925323
SPY,2026-04-09T10:35:00-04:00,674.1500,674.5600,673.8800,674.4950,760551
SPY,2026-04-09T10:40:00-04:00,674.4600,674.6500,674.1909,674.2900,771983
SPY,2026-04-09T10:45:00-04:00,674.2800,674.8750,674.2400,674.7600,528955
SPY,2026-04-09T10:50:00-04:00,674.7650,675.1700,674.6900,675.1600,447280
SPY,2026-04-09T10:55:00-04:00,675.1700,675.5000,674.9650,675.3100,868779
SPY,2026-04-09T11:00:00-04:00,675.3100,675.3800,674.6100,674.9800,536144
SPY,2026-04-09T11:05:00-04:00,675.0000,675.1300,674.7800,675.0100,202989
SPY,2026-04-09T11:10:00-04:00,675.0100,675.8000,675.0000,675.7000,725095
SPY,2026-04-09T11:15:00-04:00,675.7000,676.4700,675.7000,676.4200,1115104
SPY,2026-04-09T11:20:00-04:00,676.4200,676.5500,676.0000,676.2900,910554
SPY,2026-04-09T11:25:00-04:00,676.2700,676.2750,675.7700,675.9300,596415
SPY,2026-04-09T11:30:00-04:00,675.9200,678.0700,675.7300,677.3700,1362188
SPY,2026-04-09T11:35:00-04:00,677.3700,677.9100,676.7500,677.2400,1257986
SPY,2026-04-09T11:40:00-04:00,677.2200,677.8000,677.2200,677.4600,645497
SPY,2026-04-09T11:45:00-04:00,677.4800,678.4390,677.1000,677.9700,748064
SPY,2026-04-09T11:50:00-04:00,677.9700,678.5500,677.8500,678.5350,524045
SPY,2026-04-09T11:55:00-04:00,678.5200,678.9000,678.5000,678.8300,638838
SPY,2026-04-09T12:00:00-04:00,678.8200,680.7500,678.8200,680.0000,1607042
SPY,2026-04-09T12:05:00-04:00,680.0200,680.3200,679.6800,679.8700,651091
SPY,2026-04-09T12:10:00-04:00,679.8800,680.1700,679.5200,679.5200,541974
SPY,2026-04-09T12:15:00-04:00,679.5500,680.3400,679.4500,680.2800,415697
SPY,2026-04-09T12:20:00-04:00,680.3000,680.3900,679.7800,679.8150,520374
SPY,2026-04-09T12:25:00-04:00,679.8100,680.0900,679.6300,679.9000,405486
SPY,2026-04-09T12:30:00-04:00,679.9200,680.0000,679.4400,679.6900,412363
SPY,2026-04-09T12:35:00-04:00,679.6900,679.7400,679.1900,679.4000,335705
SPY,2026-04-09T12:40:00-04:00,679.4000,679.4300,679.0500,679.3500,326529
SPY,2026-04-09T12:45:00-04:00,679.3400,679.3550,678.9700,679.1591,1119368
SPY,2026-04-09T12:50:00-04:00,679.1600,680.1000,679.1600,679.9300,486930
SPY,2026-04-09T12:55:00-04:00,679.9200,679.9700,679.6900,679.8700,513806
SPY,2026-04-09T13:00:00-04:00,679.8550,680.1400,679.7100,680.1400,339577
SPY,2026-04-09T13:05:00-04:00,680.1400,680.6500,679.9800,680.4850,362159
SPY,2026-04-09T13:10:00-04:00,680.4900,680.7200,680.2700,680.4000,530089
SPY,2026-04-09T13:15:00-04:00,680.4100,681.0160,680.3100,680.7999,633567
SPY,2026-04-09T13:20:00-04:00,680.8000,680.8700,680.4800,680.5700,425795
SPY,2026-04-09T13:25:00-04:00,680.5700,680.6400,680.2800,680.2901,358166
SPY,2026-04-09T13:30:00-04:00,680.2999,680.2999,679.6600,680.2100,464804
SPY,2026-04-09T13:35:00-04:00,680.2050,681.0600,680.1601,681.0000,518664
SPY,2026-04-09T13:40:00-04:00,681.0000,681.1600,680.5000,680.6450,410063
SPY,2026-04-09T13:45:00-04:00,680.6500,680.9400,680.5600,680.8100,369551
SPY,2026-04-09T13:50:00-04:00,680.8100,680.8100,680.3400,680.5200,269476
SPY,2026-04-09T13:55:00-04:00,680.5200,680.5400,680.3450,680.5400,213154
SPY,2026-04-09T14:00:00-04:00,680.5400,680.6100,678.6900,679.1100,969374
SPY,2026-04-09T14:05:00-04:00,679.1100,679.8250,679.0900,679.4800,763708
SPY,2026-04-09T14:10:00-04:00,679.4800,679.6200,678.9800,679.2700,363690
SPY,2026-04-09T14:15:00-04:00,679.2700,679.5800,679.0700,679.3100,264041
SPY,2026-04-09T14:20:00-04:00,679.3400,679.4700,678.6900,678.8800,474294
SPY,2026-04-09T14:25:00-04:00,678.8900,679.2000,678.5800,678.8500,530795
SPY,2026-04-09T14:30:00-04:00,678.8600,679.0500,678.4400,678.6300,321986
SPY,2026-04-09T14:35:00-04:00,678.6300,679.3900,678.5600,679.3200,449716
SPY,2026-04-09T14:40:00-04:00,679.3000,679.4200,678.8150,679.0000,516589
SPY,2026-04-09T14:45:00-04:00,678.9900,679.2500,678.9100,679.2000,288606
SPY,2026-04-09T14:50:00-04:00,679.1900,679.2600,678.7800,679.0600,475933
SPY,2026-04-09T14:55:00-04:00,679.0600,679.3100,679.0300,679.1200,411115
SPY,2026-04-09T15:00:00-04:00,679.1300,679.7900,678.9503,679.6399,358275
SPY,2026-04-09T15:05:00-04:00,679.6200,680.0600,679.4000,680.0400,468109
SPY,2026-04-09T15:10:00-04:00,680.0500,680.2400,679.9600,680.0200,426951
SPY,2026-04-09T15:15:00-04:00,680.0200,680.2000,679.6100,679.6750,471888
SPY,2026-04-09T15:20:00-04:00,679.6800,679.9100,679.6000,679.8920,378034
SPY,2026-04-09T15:25:00-04:00,679.8950,680.0800,679.7800,679.9200,432195
SPY,2026-04-09T15:30:00-04:00,679.9100,680.6700,679.8700,680.2700,1019903
SPY,2026-04-09T15:35:00-04:00,680.2700,680.5600,680.1200,680.2850,525886
SPY,2026-04-09T15:40:00-04:00,680.2850,680.4600,680.0000,680.3800,660736
SPY,2026-04-09T15:45:00-04:00,680.3800,680.5500,680.0600,680.1200,975255
SPY,2026-04-09T15:50:00-04:00,680.1200,680.6700,680.0300,680.5200,1372198
SPY,2026-04-09T15:55:00-04:00,680.5200,680.5680,679.8300,679.8700,2427243
SPY,2026-04-10T09:30:00-04:00,681.3200,681.9300,680.9200,680.9700,2475784
SPY,2026-04-10T09:35:00-04:00,680.9900,681.1500,680.5200,680.7400,719130
SPY,2026-04-10T09:40:00-04:00,680.7300,681.0199,680.5100,680.8600,751607
SPY,2026-04-10T09:45:00-04:00,680.8650,680.9800,680.3300,680.5200,732377
SPY,2026-04-10T09:50:00-04:00,680.4900,680.8800,680.1700,680.8200,642171
SPY,2026-04-10T09:55:00-04:00,680.8000,680.9000,680.5900,680.7600,612974
SPY,2026-04-10T10:00:00-04:00,680.7500,680.7600,680.0280,680.5788,624788
SPY,2026-04-10T10:05:00-04:00,680.5700,680.7900,680.2600,680.5500,335238
SPY,2026-04-10T10:10:00-04:00,680.5700,681.2800,680.1300,681.2200,635536
SPY,2026-04-10T10:15:00-04:00,681.2200,681.3700,680.9338,681.3300,367343
SPY,2026-04-10T10:20:00-04:00,681.3400,681.4300,681.1100,681.4200,349897
SPY,2026-04-10T10:25:00-04:00,681.4300,681.5700,681.2300,681.5200,328614
SPY,2026-04-10T10:30:00-04:00,681.5400,681.9400,681.4800,681.5000,473435
SPY,2026-04-10T10:35:00-04:00,681.5100,681.7100,681.3600,681.4300,310853
SPY,2026-04-10T10:40:00-04:00,681.4300,681.5400,680.4200,680.8900,688715
SPY,2026-04-10T10:45:00-04:00,680.9200,681.3400,680.6500,680.7400,500069
SPY,2026-04-10T10:50:00-04:00,680.7400,681.3600,680.6600,680.8100,344495
SPY,2026-04-10T10:55:00-04:00,680.8200,681.5000,680.6400,681.3600,339840
SPY,2026-04-10T11:00:00-04:00,681.3600,681.4400,681.0700,681.1300,396720
SPY,2026-04-10T11:05:00-04:00,681.1300,681.5491,680.8801,681.4300,494915
SPY,2026-04-10T11:10:00-04:00,681.4201,681.7200,681.2900,681.5900,412799
SPY,2026-04-10T11:15:00-04:00,681.5900,681.8400,681.5000,681.5600,254659
SPY,2026-04-10T11:20:00-04:00,681.5700,682.0300,681.5000,681.9500,321634
SPY,2026-04-10T11:25:00-04:00,681.9500,681.9500,681.1500,681.2400,418945
SPY,2026-04-10T11:30:00-04:00,681.2300,681.4500,680.6900,680.8400,555572
SPY,2026-04-10T11:35:00-04:00,680.8700,680.9800,680.3800,680.4500,491274
SPY,2026-04-10T11:40:00-04:00,680.4500,680.5400,680.0700,680.4750,438912
SPY,2026-04-10T11:45:00-04:00,680.4500,680.7172,680.1500,680.2350,381632
SPY,2026-04-10T11:50:00-04:00,680.2400,680.3500,679.7150,679.7600,470666
SPY,2026-04-10T11:55:00-04:00,679.7600,679.7900,679.1200,679.4600,571549
SPY,2026-04-10T12:00:00-04:00,679.4600,679.5700,679.1300,679.2900,883533
SPY,2026-04-10T12:05:00-04:00,679.2900,679.5700,679.1100,679.3750,368030
SPY,2026-04-10T12:10:00-04:00,679.3600,680.1100,679.3400,679.9400,387905
SPY,2026-04-10T12:15:00-04:00,679.9400,680.0950,679.7200,679.8200,191898
SPY,2026-04-10T12:20:00-04:00,679.8700,679.8900,679.4400,679.8701,207916
SPY,2026-04-10T12:25:00-04:00,679.8800,679.8852,679.3800,679.5200,247735
SPY,2026-04-10T12:30:00-04:00,679.5200,679.7100,679.2001,679.3801,236316
SPY,2026-04-10T12:35:00-04:00,679.3902,679.4100,678.9800,679.0800,283016
SPY,2026-04-10T12:40:00-04:00,679.0900,679.1600,678.5000,678.6700,453479
SPY,2026-04-10T12:45:00-04:00,678.6700,679.2500,678.6200,679.2200,380682
SPY,2026-04-10T12:50:00-04:00,679.2100,679.6800,679.0100,679.5100,439084
SPY,2026-04-10T12:55:00-04:00,679.5200,679.5800,679.3200,679.4900,262773
SPY,2026-04-10T13:00:00-04:00,679.4700,679.4891,678.7600,678.7999,317270
SPY,2026-04-10T13:05:00-04:00,678.8000,679.0200,678.6100,678.9100,319157
SPY,2026-04-10T13:10:00-04:00,678.9100,679.1800,678.6800,679.1000,274863
SPY,2026-04-10T13:15:00-04:00,679.1200,679.2271,678.8000,679.0100,175682
SPY,2026-04-10T13:20:00-04:00,679.0250,679.0400,678.5900,678.8200,196482
SPY,2026-04-10T13:25:00-04:00,678.8200,679.0900,678.5900,678.6701,203102
SPY,2026-04-10T13:30:00-04:00,678.6500,679.0200,678.4500,678.8450,283046
SPY,2026-04-10T13:35:00-04:00,678.8400,679.0400,678.6901,678.9850,195699
SPY,2026-04-10T13:40:00-04:00,678.9800,679.2500,678.7700,679.1750,245093
SPY,2026-04-10T13:45:00-04:00,679.1800,679.3100,679.1000,679.2500,230318
SPY,2026-04-10T13:50:00-04:00,679.2500,679.5300,679.2294,679.5050,305335
SPY,2026-04-10T13:55:00-04:00,679.5025,679.5300,679.3600,679.4500,142715
SPY,2026-04-10T14:00:00-04:00,679.4500,679.4750,679.0020,679.0450,263970
SPY,2026-04-10T14:05:00-04:00,679.0400,679.1700,678.8500,678.9949,890014
SPY,2026-04-10T14:10:00-04:00,678.9900,679.2800,678.9400,679.1400,183958
SPY,2026-04-10T14:15:00-04:00,679.1600,679.5300,679.1500,679.4950,194815
SPY,2026-04-10T14:20:00-04:00,679.4950,679.7000,679.4300,679.4900,370207
SPY,2026-04-10T14:25:00-04:00,679.4701,679.5400,679.3300,679.4000,231973
SPY,2026-04-10T14:30:00-04:00,679.4150,679.4600,679.1500,679.3500,273979
SPY,2026-04-10T14:35:00-04:00,679.3400,679.4200,679.1200,679.2200,311224
SPY,2026-04-10T14:40:00-04:00,679.2200,679.3100,678.8700,679.0700,276666
SPY,2026-04-10T14:45:00-04:00,679.0600,679.2474,679.0101,679.1400,184930
SPY,2026-04-10T14:50:00-04:00,679.1200,679.2900,679.0700,679.2900,286752
SPY,2026-04-10T14:55:00-04:00,679.2700,679.3700,679.1100,679.3100,372708
SPY,2026-04-10T15:00:00-04:00,679.3200,679.6400,679.2900,679.5794,488260
SPY,2026-04-10T15:05:00-04:00,679.5750,679.7400,679.5100,679.5750,279845
SPY,2026-04-10T15:10:00-04:00,679.5800,679.9900,679.5500,679.9600,1116714
SPY,2026-04-10T15:15:00-04:00,679.9500,679.9600,679.7500,679.8650,322565
SPY,2026-04-10T15:20:00-04:00,679.8650,679.9800,679.5900,679.6497,337478
SPY,2026-04-10T15:25:00-04:00,679.6400,679.6800,679.4500,679.6401,304601
SPY,2026-04-10T15:30:00-04:00,679.6500,679.6500,679.3100,679.3870,357369
SPY,2026-04-10T15:35:00-04:00,679.3900,679.4900,678.9700,679.0700,517402
SPY,2026-04-10T15:40:00-04:00,679.0600,679.2500,678.7400,679.1100,661059
SPY,2026-04-10T15:45:00-04:00,679.1000,679.2600,678.6600,678.8400,1478572
SPY,2026-04-10T15:50:00-04:00,678.8500,679.2599,678.6700,678.8500,1339513
SPY,2026-04-10T15:55:00-04:00,678.8700,679.5400,678.7400,679.3400,2269349
SPY,2026-04-13T09:30:00-04:00,677.4100,677.9300,676.9900,677.5000,3682343
SPY,2026-04-13T09:35:00-04:00,677.4800,677.5000,676.5800,677.2500,626392
SPY,2026-04-13T09:40:00-04:00,677.2500,677.4700,676.8301,676.9700,581265
SPY,2026-04-13T09:45:00-04:00,676.9400,678.9700,676.7000,678.7900,858673
SPY,2026-04-13T09:50:00-04:00,678.7700,679.4050,678.0000,678.6600,1208186
SPY,2026-04-13T09:55:00-04:00,678.6700,679.7300,678.4400,679.7100,713700
SPY,2026-04-13T10:00:00-04:00,679.7200,680.0200,678.8600,679.3100,895148
SPY,2026-04-13T10:05:00-04:00,679.3009,679.7900,679.1200,679.3600,451713
SPY,2026-04-13T10:10:00-04:00,679.3350,679.3700,678.8600,679.0700,304465
SPY,2026-04-13T10:15:00-04:00,679.0600,679.1100,678.5450,679.0056,366019
SPY,2026-04-13T10:20:00-04:00,679.0100,679.5100,678.4000,679.4850,687167
SPY,2026-04-13T10:25:00-04:00,679.4800,679.5900,679.1700,679.5688,360768
SPY,2026-04-13T10:30:00-04:00,679.5700,679.9800,679.4400,679.7513,331289
SPY,2026-04-13T10:35:00-04:00,679.7300,679.7300,679.3100,679.5100,188840
SPY,2026-04-13T10:40:00-04:00,679.5100,680.1000,679.4700,679.9800,270371
SPY,2026-04-13T10:45:00-04:00,679.9800,680.0800,679.5000,679.6000,352399
SPY,2026-04-13T10:50:00-04:00,679.6100,680.2400,679.5000,680.1150,299139
SPY,2026-04-13T10:55:00-04:00,680.1100,680.6600,679.8600,680.5213,523556
SPY,2026-04-13T11:00:00-04:00,680.5300,680.5300,679.7300,679.7800,554167
SPY,2026-04-13T11:05:00-04:00,679.7850,680.0798,679.6400,679.9800,520644
SPY,2026-04-13T11:10:00-04:00,679.9800,680.3099,679.8100,680.0100,221824
SPY,2026-04-13T11:15:00-04:00,680.0100,680.1700,679.6200,679.6800,410433
SPY,2026-04-13T11:20:00-04:00,679.6750,680.0700,679.6000,679.6500,281202
SPY,2026-04-13T11:25:00-04:00,679.6400,679.8500,679.4700,679.5100,335694
SPY,2026-04-13T11:30:00-04:00,679.5300,679.6000,679.2200,679.4700,287486
SPY,2026-04-13T11:35:00-04:00,679.4700,680.2600,679.3701,679.9600,342501
SPY,2026-04-13T11:40:00-04:00,679.9600,680.0500,679.4300,679.5100,234285
SPY,2026-04-13T11:45:00-04:00,679.5150,679.6400,679.2800,679.4700,204220
SPY,2026-04-13T11:50:00-04:00,679.4700,679.5200,679.3200,679.3399,184173
SPY,2026-04-13T11:55:00-04:00,679.3250,679.6500,679.3100,679.4800,198883
SPY,2026-04-13T12:00:00-04:00,679.4701,679.5900,679.0150,679.2100,227124
SPY,2026-04-13T12:05:00-04:00,679.2100,680.4000,679.0593,679.7200,467527
SPY,2026-04-13T12:10:00-04:00,679.7100,680.0800,679.6400,679.8750,263791
SPY,2026-04-13T12:15:00-04:00,679.8800,680.2400,679.7200,680.2000,356491
SPY,2026-04-13T12:20:00-04:00,680.2100,680.9100,680.2100,680.7200,442360
SPY,2026-04-13T12:25:00-04:00,680.7200,681.6200,680.6300,681.3900,570411
SPY,2026-04-13T12:30:00-04:00,681.3800,682.0000,681.1400,681.3500,791572
SPY,2026-04-13T12:35:00-04:00,681.3600,682.3200,681.3300,681.4800,612065
SPY,2026-04-13T12:40:00-04:00,681.4800,681.8500,680.7000,681.5500,670276
SPY,2026-04-13T12:45:00-04:00,681.5200,682.3700,681.4900,682.0400,696539
SPY,2026-04-13T12:50:00-04:00,682.0800,682.8300,681.9800,682.1200,701061
SPY,2026-04-13T12:55:00-04:00,682.1100,682.3850,681.8400,682.3100,358589
SPY,2026-04-13T13:00:00-04:00,682.3200,682.5500,682.1800,682.4800,353722
SPY,2026-04-13T13:05:00-04:00,682.4900,682.5400,682.0900,682.2400,317013
SPY,2026-04-13T13:10:00-04:00,682.2300,682.3600,682.1700,682.3100,259725
SPY,2026-04-13T13:15:00-04:00,682.3100,682.8200,682.2750,682.5700,362473
SPY,2026-04-13T13:20:00-04:00,682.5700,682.5700,682.2701,682.2900,265804
SPY,2026-04-13T13:25:00-04:00,682.2950,682.5000,682.2800,682.4800,281709
SPY,2026-04-13T13:30:00-04:00,682.4900,682.7000,682.3400,682.3500,282593
SPY,2026-04-13T13:35:00-04:00,682.3500,682.4200,682.1000,682.2600,294458
SPY,2026-04-13T13:40:00-04:00,682.2500,682.3700,682.1200,682.1600,238633
SPY,2026-04-13T13:45:00-04:00,682.1500,682.2200,682.0300,682.0650,275012
SPY,2026-04-13T13:50:00-04:00,682.0650,682.2500,681.8700,682.1800,308587
SPY,2026-04-13T13:55:00-04:00,682.1700,682.3107,682.0900,682.1400,227034
SPY,2026-04-13T14:00:00-04:00,682.1500,682.5500,682.1500,682.3900,518840
SPY,2026-04-13T14:05:00-04:00,682.3800,682.5450,682.3100,682.4950,357691
SPY,2026-04-13T14:10:00-04:00,682.4900,682.6199,682.4800,682.5650,234703
SPY,2026-04-13T14:15:00-04:00,682.5601,682.6200,682.4800,682.4900,176741
SPY,2026-04-13T14:20:00-04:00,682.4900,682.6500,682.3500,682.3800,181804
SPY,2026-04-13T14:25:00-04:00,682.3995,682.4750,682.2100,682.3750,332449
SPY,2026-04-13T14:30:00-04:00,682.3700,682.5700,682.2700,682.5350,198231
SPY,2026-04-13T14:35:00-04:00,682.5200,682.6800,682.4600,682.6150,255071
SPY,2026-04-13T14:40:00-04:00,682.6150,682.8100,682.5400,682.7890,340949
SPY,2026-04-13T14:45:00-04:00,682.7900,683.2300,682.7900,683.1000,717549
SPY,2026-04-13T14:50:00-04:00,683.1000,683.4000,683.0300,683.3599,420694
SPY,2026-04-13T14:55:00-04:00,683.3400,683.4700,683.2500,683.2950,340571
SPY,2026-04-13T15:00:00-04:00,683.2900,683.5700,683.2701,683.3700,468578
SPY,2026-04-13T15:05:00-04:00,683.3650,683.3700,683.1200,683.2788,296399
SPY,2026-04-13T15:10:00-04:00,683.2700,683.3000,683.0400,683.1850,467670
SPY,2026-04-13T15:15:00-04:00,683.1850,683.5000,683.1389,683.4500,375505
SPY,2026-04-13T15:20:00-04:00,683.4550,683.8000,683.4000,683.7600,554349
SPY,2026-04-13T15:25:00-04:00,683.7600,683.8400,683.7200,683.8050,584385
SPY,2026-04-13T15:30:00-04:00,683.8000,684.2600,683.6600,684.1000,756245
SPY,2026-04-13T15:35:00-04:00,684.1000,684.5000,684.0000,684.1800,818485
SPY,2026-04-13T15:40:00-04:00,684.1700,684.2700,683.9401,684.1853,648306
SPY,2026-04-13T15:45:00-04:00,684.1700,684.1900,683.7800,684.0700,916221
SPY,2026-04-13T15:50:00-04:00,684.0700,685.8900,684.0600,685.6600,2719105
SPY,2026-04-13T15:55:00-04:00,685.6700,686.3000,685.6700,686.0100,5764969
SPY,2026-04-14T09:30:00-04:00,687.6900,688.6200,687.6600,688.4800,3230803
SPY,2026-04-14T09:35:00-04:00,688.4600,689.3500,688.4000,689.0300,1551496
SPY,2026-04-14T09:40:00-04:00,689.0400,689.9650,688.9800,689.8250,1276555
SPY,2026-04-14T09:45:00-04:00,689.8260,689.8700,689.3800,689.7691,1016081
SPY,2026-04-14T09:50:00-04:00,689.7650,689.8600,689.4700,689.5975,498537
SPY,2026-04-14T09:55:00-04:00,689.5900,689.7500,689.4220,689.4900,344994
SPY,2026-04-14T10:00:00-04:00,689.4900,689.8200,689.4600,689.6301,1008021
SPY,2026-04-14T10:05:00-04:00,689.6500,690.4200,689.5800,690.3800,985336
SPY,2026-04-14T10:10:00-04:00,690.3700,690.9000,690.1500,690.8799,926415
SPY,2026-04-14T10:15:00-04:00,690.8700,691.0500,690.5800,690.6600,943289
SPY,2026-04-14T10:20:00-04:00,690.6600,691.0000,690.6300,690.7900,563930
SPY,2026-04-14T10:25:00-04:00,690.7899,691.0300,690.6400,690.9800,593206
SPY,2026-04-14T10:30:00-04:00,690.9900,691.0100,690.7900,690.8750,520671
SPY,2026-04-14T10:35:00-04:00,690.8750,691.3758,690.8000,690.8200,794271
SPY,2026-04-14T10:40:00-04:00,690.8200,691.0000,690.6100,690.8600,993955
SPY,2026-04-14T10:45:00-04:00,690.8650,691.4700,690.8600,691.3200,567231
SPY,2026-04-14T10:50:00-04:00,691.3200,691.6799,691.0900,691.6500,601461
SPY,2026-04-14T10:55:00-04:00,691.6500,691.6700,691.4200,691.5399,508592
SPY,2026-04-14T11:00:00-04:00,691.5300,691.5700,691.2400,691.2400,505628
SPY,2026-04-14T11:05:00-04:00,691.2500,691.2800,690.9000,690.9900,567148
SPY,2026-04-14T11:10:00-04:00,690.9700,691.1600,690.9000,690.9850,415408
SPY,2026-04-14T11:15:00-04:00,690.9893,691.7100,690.9400,691.5900,425218
SPY,2026-04-14T11:20:00-04:00,691.6000,692.0400,691.5100,691.9200,800807
SPY,2026-04-14T11:25:00-04:00,691.9300,692.4700,691.9200,692.2500,1054627
SPY,2026-04-14T11:30:00-04:00,692.2500,692.6300,692.2400,692.4700,513582
SPY,2026-04-14T11:35:00-04:00,692.4700,692.7800,692.4600,692.6900,460504
SPY,2026-04-14T11:40:00-04:00,692.6850,693.1600,692.4800,692.8200,736437
SPY,2026-04-14T11:45:00-04:00,692.8100,693.0800,692.8100,692.9300,700506
SPY,2026-04-14T11:50:00-04:00,692.9202,693.3000,692.9200,693.1950,443023
SPY,2026-04-14T11:55:00-04:00,693.2000,693.2300,692.8300,692.8600,929789
SPY,2026-04-14T12:00:00-04:00,692.8600,693.1700,692.7800,693.0850,943302
SPY,2026-04-14T12:05:00-04:00,693.0900,693.1550,692.9200,693.0650,370654
SPY,2026-04-14T12:10:00-04:00,693.0650,693.1800,692.9000,693.0200,337458
SPY,2026-04-14T12:15:00-04:00,693.0250,693.2900,692.9600,693.2700,380640
SPY,2026-04-14T12:20:00-04:00,693.2701,693.5000,693.1900,693.4800,530636
SPY,2026-04-14T12:25:00-04:00,693.4800,693.7200,693.4400,693.5950,694226
SPY,2026-04-14T12:30:00-04:00,693.5900,693.7200,693.2997,693.3200,998881
SPY,2026-04-14T12:35:00-04:00,693.3300,693.4900,693.1900,693.4100,518938
SPY,2026-04-14T12:40:00-04:00,693.4050,693.5400,693.3100,693.4800,552698
SPY,2026-04-14T12:45:00-04:00,693.5000,693.6600,693.4100,693.6100,412766
SPY,2026-04-14T12:50:00-04:00,693.6150,693.6400,693.1100,693.1300,651672
SPY,2026-04-14T12:55:00-04:00,693.1300,693.1800,692.8300,692.9500,529339
SPY,2026-04-14T13:00:00-04:00,692.9530,693.2900,692.9500,693.1650,382097
SPY,2026-04-14T13:05:00-04:00,693.1600,693.3800,693.0800,693.1450,367616
SPY,2026-04-14T13:10:00-04:00,693.1500,693.3200,693.1200,693.2500,197815
SPY,2026-04-14T13:15:00-04:00,693.2550,693.7400,693.2300,693.6950,461127
SPY,2026-04-14T13:20:00-04:00,693.6950,694.0600,693.6700,693.9100,697526
SPY,2026-04-14T13:25:00-04:00,693.9200,693.9400,693.6500,693.7400,483404
SPY,2026-04-14T13:30:00-04:00,693.7400,694.0600,693.7350,694.0000,204086
SPY,2026-04-14T13:35:00-04:00,694.0100,694.1000,693.8300,693.9350,400922
SPY,2026-04-14T13:40:00-04:00,693.9400,694.0800,693.8600,694.0150,271713
SPY,2026-04-14T13:45:00-04:00,694.0150,694.0900,693.9100,693.9850,1296432
SPY,2026-04-14T13:50:00-04:00,693.9900,694.0500,693.6000,693.6900,534360
SPY,2026-04-14T13:55:00-04:00,693.6900,693.7700,693.5800,693.7250,305021
SPY,2026-04-14T14:00:00-04:00,693.7200,693.9350,693.7100,693.8400,765920
SPY,2026-04-14T14:05:00-04:00,693.8300,693.8700,693.6800,693.8400,350157
SPY,2026-04-14T14:10:00-04:00,693.8400,693.8400,693.5000,693.5450,509360
SPY,2026-04-14T14:15:00-04:00,693.5400,693.5700,692.7300,692.9500,721468
SPY,2026-04-14T14:20:00-04:00,692.9559,693.1300,692.2200,692.3100,904666
SPY,2026-04-14T14:25:00-04:00,692.3100,692.8500,692.1300,692.6000,757230
SPY,2026-04-14T14:30:00-04:00,692.6000,692.8300,692.5300,692.6551,344449
SPY,2026-04-14T14:35:00-04:00,692.6800,693.0400,692.6700,692.9850,370545
SPY,2026-04-14T14:40:00-04:00,692.9800,693.1900,692.5100,692.5873,385184
SPY,2026-04-14T14:45:00-04:00,692.5800,692.8000,692.3200,692.4100,492011
SPY,2026-04-14T14:50:00-04:00,692.4000,692.7500,692.3550,692.6300,423500
SPY,2026-04-14T14:55:00-04:00,692.6200,692.8000,692.5607,692.7600,355656
SPY,2026-04-14T15:00:00-04:00,692.7600,693.2700,692.6900,693.2000,465365
SPY,2026-04-14T15:05:00-04:00,693.1900,693.4600,693.1800,693.3771,396393
SPY,2026-04-14T15:10:00-04:00,693.3750,693.7600,693.2900,693.5050,480320
SPY,2026-04-14T15:15:00-04:00,693.5050,693.8400,693.5000,693.6750,1060316
SPY,2026-04-14T15:20:00-04:00,693.6700,694.1000,693.6500,694.0700,1609268
SPY,2026-04-14T15:25:00-04:00,694.0800,694.2699,694.0600,694.2400,545104
SPY,2026-04-14T15:30:00-04:00,694.2300,694.5800,693.9500,693.9700,872769
SPY,2026-04-14T15:35:00-04:00,693.9700,694.4000,693.7300,694.3200,585583
SPY,2026-04-14T15:40:00-04:00,694.3200,694.3500,693.8600,694.0700,679421
SPY,2026-04-14T15:45:00-04:00,694.0600,694.1800,693.8400,694.0500,721932
SPY,2026-04-14T15:50:00-04:00,694.0500,694.3900,693.4100,693.5300,1527680
SPY,2026-04-14T15:55:00-04:00,693.5400,694.4100,693.5400,694.3950,2151148
SPY,2026-04-15T09:30:00-04:00,695.2600,695.8400,695.0800,695.7500,2354310
SPY,2026-04-15T09:35:00-04:00,695.7900,696.3100,695.4900,696.2800,1201549
SPY,2026-04-15T09:40:00-04:00,696.2800,696.3500,694.2000,694.3900,1113606
SPY,2026-04-15T09:45:00-04:00,694.3800,695.2900,694.3800,695.0200,705651
SPY,2026-04-15T09:50:00-04:00,695.0300,695.1900,694.5200,695.0200,471065
SPY,2026-04-15T09:55:00-04:00,695.0100,695.7100,695.0100,695.6800,437630
SPY,2026-04-15T10:00:00-04:00,695.6800,695.7600,695.1200,695.2666,393896
SPY,2026-04-15T10:05:00-04:00,695.2700,695.5600,695.0000,695.4501,462371
SPY,2026-04-15T10:10:00-04:00,695.4600,695.9700,695.3600,695.9351,476936
SPY,2026-04-15T10:15:00-04:00,695.9500,696.3700,695.7800,695.9000,1153146
SPY,2026-04-15T10:20:00-04:00,695.8700,696.9200,695.8700,696.6300,753768
SPY,2026-04-15T10:25:00-04:00,696.6350,696.9400,696.5700,696.9200,743670
SPY,2026-04-15T10:30:00-04:00,696.9200,697.0700,696.4600,696.5000,796439
SPY,2026-04-15T10:35:00-04:00,696.5000,696.7600,695.9300,696.0289,601970
SPY,2026-04-15T10:40:00-04:00,696.0300,696.8200,696.0300,696.7400,750418
SPY,2026-04-15T10:45:00-04:00,696.7450,697.0200,696.6129,697.0200,420791
SPY,2026-04-15T10:50:00-04:00,697.0200,697.1400,696.6500,696.7100,544288
SPY,2026-04-15T10:55:00-04:00,696.6800,696.9900,696.6200,696.7300,335723
SPY,2026-04-15T11:00:00-04:00,696.7400,696.9500,696.5200,696.8998,466071
SPY,2026-04-15T11:05:00-04:00,696.8900,697.0000,696.4400,696.6700,418296
SPY,2026-04-15T11:10:00-04:00,696.6800,697.3200,696.6300,697.2999,579662
SPY,2026-04-15T11:15:00-04:00,697.3000,697.4400,697.1600,697.3600,1032252
SPY,2026-04-15T11:20:00-04:00,697.3700,697.5000,697.2400,697.3450,1038362
SPY,2026-04-15T11:25:00-04:00,697.3450,697.5600,697.2701,697.3700,421291
SPY,2026-04-15T11:30:00-04:00,697.3700,697.3900,696.8200,696.9100,623688
SPY,2026-04-15T11:35:00-04:00,696.9100,697.1870,696.8500,697.1050,490882
SPY,2026-04-15T11:40:00-04:00,697.1100,697.5500,697.1000,697.4200,351958
SPY,2026-04-15T11:45:00-04:00,697.4200,697.5600,697.3300,697.4299,383142
SPY,2026-04-15T11:50:00-04:00,697.4300,697.5100,697.1900,697.2200,321626
SPY,2026-04-15T11:55:00-04:00,697.2300,697.2350,696.9050,697.0100,407978
SPY,2026-04-15T12:00:00-04:00,697.0100,697.1493,696.8000,697.0600,433877
SPY,2026-04-15T12:05:00-04:00,697.0600,697.4700,696.9300,697.4300,499627
SPY,2026-04-15T12:10:00-04:00,697.4298,697.4400,697.2300,697.3701,210163
SPY,2026-04-15T12:15:00-04:00,697.3800,697.5900,697.2200,697.5800,444640
SPY,2026-04-15T12:20:00-04:00,697.5900,697.8000,697.5900,697.7699,592934
SPY,2026-04-15T12:25:00-04:00,697.7600,697.7600,697.3300,697.3599,610746
SPY,2026-04-15T12:30:00-04:00,697.3600,697.4400,697.1200,697.2600,379769
SPY,2026-04-15T12:35:00-04:00,697.2700,697.4950,697.1400,697.1699,500254
SPY,2026-04-15T12:40:00-04:00,697.1500,697.1600,696.3500,696.3900,652325
SPY,2026-04-15T12:45:00-04:00,696.3700,696.6950,695.9600,696.6650,740644
SPY,2026-04-15T12:50:00-04:00,696.6800,696.7800,695.9800,696.1650,500356
SPY,2026-04-15T12:55:00-04:00,696.1800,696.6300,695.7000,696.5300,362304
SPY,2026-04-15T13:00:00-04:00,696.5600,697.0700,696.4100,697.0399,278413
SPY,2026-04-15T13:05:00-04:00,697.0300,697.4000,696.9800,697.2200,708270
SPY,2026-04-15T13:10:00-04:00,697.2300,697.3000,697.0000,697.1600,264599
SPY,2026-04-15T13:15:00-04:00,697.1600,697.4500,697.1600,697.2900,245119
SPY,2026-04-15T13:20:00-04:00,697.2800,697.3500,697.0693,697.2900,226377
SPY,2026-04-15T13:25:00-04:00,697.2900,697.6200,697.2500,697.4200,349472
SPY,2026-04-15T13:30:00-04:00,697.4200,697.8300,697.3800,697.7889,453344
SPY,2026-04-15T13:35:00-04:00,697.7900,698.0000,697.6100,697.6500,559010
SPY,2026-04-15T13:40:00-04:00,697.6550,697.6600,697.2800,697.4674,664868
SPY,2026-04-15T13:45:00-04:00,697.4700,697.7000,697.4700,697.5600,256764
SPY,2026-04-15T13:50:00-04:00,697.5600,697.8700,697.5600,697.7400,342253
SPY,2026-04-15T13:55:00-04:00,697.7401,697.8700,697.4500,697.4801,302610
SPY,2026-04-15T14:00:00-04:00,697.4900,698.6200,697.1900,698.0100,1042970
SPY,2026-04-15T14:05:00-04:00,698.0200,698.2200,697.9500,698.1000,414516
SPY,2026-04-15T14:10:00-04:00,698.1100,698.4600,697.8600,698.3150,463450
SPY,2026-04-15T14:15:00-04:00,698.3200,698.6500,698.2800,698.3650,527013
SPY,2026-04-15T14:20:00-04:00,698.3600,698.5300,698.1800,698.4900,470454
SPY,2026-04-15T14:25:00-04:00,698.4850,698.5800,698.2900,698.5000,369788
SPY,2026-04-15T14:30:00-04:00,698.4900,699.0300,698.4800,699.0300,887309
SPY,2026-04-15T14:35:00-04:00,699.0300,699.2000,698.7600,699.0100,793019
SPY,2026-04-15T14:40:00-04:00,699.0000,699.0200,698.6000,698.8741,573699
SPY,2026-04-15T14:45:00-04:00,698.8900,699.2600,698.8900,699.2600,553269
SPY,2026-04-15T14:50:00-04:00,699.2700,699.5600,699.2300,699.5029,683640
SPY,2026-04-15T14:55:00-04:00,699.5000,699.8400,699.4100,699.6400,612826
SPY,2026-04-15T15:00:00-04:00,699.6400,699.7500,699.3900,699.7350,658662
SPY,2026-04-15T15:05:00-04:00,699.7400,699.9225,699.7400,699.8500,683098
SPY,2026-04-15T15:10:00-04:00,699.8550,699.9600,699.4100,699.4700,726709
SPY,2026-04-15T15:15:00-04:00,699.4700,699.6499,699.3800,699.6400,899541
SPY,2026-04-15T15:20:00-04:00,699.6350,699.8900,699.5400,699.8100,591262
SPY,2026-04-15T15:25:00-04:00,699.8050,700.0300,699.7100,700.0000,744910
SPY,2026-04-15T15:30:00-04:00,699.9950,700.0100,699.6900,699.9800,927555
SPY,2026-04-15T15:35:00-04:00,699.9800,700.1400,699.5200,699.5200,923137
SPY,2026-04-15T15:40:00-04:00,699.5250,699.6900,699.2600,699.5200,1160869
SPY,2026-04-15T15:45:00-04:00,699.5100,699.8400,699.3300,699.5500,1366543
SPY,2026-04-15T15:50:00-04:00,699.5500,700.1100,699.5100,699.8701,1216556
SPY,2026-04-15T15:55:00-04:00,699.8700,700.2800,699.7100,699.8400,2618580
